City ID,City,Country,Date,Lat,Lng,Max Temp (F),Humidity (%),Cloudiness (%),Wind Speed (mph)
0,Saint-Philippe,RE,2022-05-28 14:29:56,-21.3585,55.7679,74.79,76,71,14.99
1,Port Alfred,ZA,2022-05-28 14:29:57,-33.5906,26.891,78.19,56,4,2.75
2,Marawi,PH,2022-05-28 14:29:57,7.9986,124.2928,67.69,92,100,4.7
3,Tiksi,RU,2022-05-28 14:29:57,71.6872,128.8694,30.24,90,100,2.46
4,Castro,BR,2022-05-28 14:27:42,-24.7911,-50.0119,71.37,49,68,9.1
5,Yerbogachën,RU,2022-05-28 14:29:58,61.2767,108.0108,43.63,52,82,2.48
6,Cape Town,ZA,2022-05-28 14:28:22,-33.9258,18.4232,64.27,86,75,21.85
7,Busselton,AU,2022-05-28 14:25:50,-33.65,115.3333,55.36,66,68,14.72
8,Rikitea,PF,2022-05-28 14:26:00,-23.1203,-134.9692,76.24,72,4,9.6
9,Bluff,NZ,2022-05-28 14:25:42,-46.6,168.3333,45.81,87,100,7.31
10,Ushuaia,AR,2022-05-28 14:29:59,-54.8,-68.3,35.26,87,75,25.32
11,Albany,US,2022-05-28 14:29:01,42.6001,-73.9662,72.23,83,99,6.82
12,Champerico,GT,2022-05-28 14:28:37,14.3,-91.9167,82.94,69,66,1.23
13,George Town,MY,2022-05-28 14:27:59,5.4112,100.3354,85.95,78,20,0.0
14,Bambous Virieux,MU,2022-05-28 14:25:37,-20.3428,57.7575,77.25,73,75,14.97
15,Mataura,NZ,2022-05-28 14:30:00,-46.1927,168.8643,45.48,97,26,2.98
16,Khani,GE,2022-05-28 14:30:00,41.9563,42.9566,67.57,53,40,4.45
17,Mabaruma,GY,2022-05-28 14:30:01,8.2,-59.7833,83.93,67,100,5.61
18,Pisco,PE,2022-05-28 14:30:02,-13.7,-76.2167,62.65,82,20,4.61
19,Barrow,US,2022-05-28 14:28:29,71.2906,-156.7887,33.82,86,100,5.75
20,Sevierville,US,2022-05-28 14:28:19,35.8681,-83.5618,68.61,80,69,2.01
21,Katsuura,JP,2022-05-28 14:30:03,35.1333,140.3,66.58,89,98,10.0
22,Yellowknife,CA,2022-05-28 14:30:02,62.456,-114.3525,52.32,66,20,12.66
23,Severo-Kuril'sk,RU,2022-05-28 14:30:04,50.6789,156.125,44.42,96,100,1.99
24,Nikolskoye,RU,2022-05-28 14:27:19,59.7035,30.7861,59.88,73,83,4.68
25,Hamilton,US,2022-05-28 14:30:01,39.1834,-84.5333,62.74,87,100,4.61
26,East London,ZA,2022-05-28 14:26:20,-33.0153,27.9116,79.74,69,0,0.0
27,Colchester,GB,2022-05-28 14:30:05,51.8892,0.9042,62.78,66,92,11.03
28,High Level,CA,2022-05-28 14:25:17,58.5169,-117.136,50.11,87,100,5.75
29,Northam,GB,2022-05-28 14:30:06,51.0333,-4.2167,62.26,69,9,12.15
30,Avarua,CK,2022-05-28 14:30:07,-21.2078,-159.775,77.05,83,75,5.75
31,Boone,US,2022-05-28 14:30:08,39.0334,-92.3335,70.05,72,45,11.05
32,Praia,CV,2022-05-28 14:30:09,14.9215,-23.5087,81.14,61,40,13.8
33,Fortuna,US,2022-05-28 14:30:10,40.5982,-124.1573,55.92,94,100,9.22
34,Isangel,VU,2022-05-28 14:30:11,-19.55,169.2667,76.03,84,24,6.53
35,Noyabrsk,RU,2022-05-28 14:30:12,63.1994,75.4507,66.65,56,85,9.91
36,Srednekolymsk,RU,2022-05-28 14:30:13,67.45,153.6833,44.13,51,73,5.35
37,Hithadhoo,MV,2022-05-28 14:30:13,-0.6,73.0833,84.15,70,43,11.43
38,Cabo San Lucas,MX,2022-05-28 14:30:14,22.8909,-109.9124,81.7,55,7,5.01
39,Punta Arenas,CL,2022-05-28 14:30:13,-53.15,-70.9167,41.02,70,40,17.27
40,Jamestown,US,2022-05-28 14:30:04,42.097,-79.2353,59.02,94,100,10.36
41,Oytal,KZ,2022-05-28 14:30:15,42.9057,73.2697,55.76,77,92,2.64
42,Inhambane,MZ,2022-05-28 14:30:15,-23.865,35.3833,78.78,61,40,9.22
43,Chupaca,PE,2022-05-28 14:30:16,-12.0667,-75.2833,56.79,47,62,0.63
44,Luwuk,ID,2022-05-28 14:30:16,-0.9516,122.7875,76.66,86,37,3.24
45,Cherskiy,RU,2022-05-28 14:30:17,68.75,161.3,34.21,60,4,3.22
46,Ginir,ET,2022-05-28 14:30:18,7.1333,40.7,69.4,53,74,10.65
47,Vaini,TO,2022-05-28 14:30:18,-21.2,-175.2,77.16,94,75,4.61
48,La Rioja,ES,2022-05-28 14:30:18,42.25,-2.5,78.58,40,8,7.14
49,Ust-Nera,RU,2022-05-28 14:30:19,64.5667,143.2,41.65,87,100,3.65
50,Newberry,US,2022-05-28 14:30:20,34.2746,-81.6187,79.54,70,0,2.91
51,Namatanai,PG,2022-05-28 14:30:20,-3.6667,152.4333,78.57,80,100,3.27
52,Poum,NC,2022-05-28 14:30:21,-20.2333,164.0167,76.95,68,39,7.9
53,Ostrovnoy,RU,2022-05-28 14:30:21,68.0531,39.5131,50.52,66,97,13.76
54,Caravelas,BR,2022-05-28 14:30:22,-17.7125,-39.2481,80.29,58,85,7.09
55,Ixtapa,MX,2022-05-28 14:30:22,20.7,-105.2,79.23,83,20,1.99
56,Puerto Ayora,EC,2022-05-28 14:30:22,-0.7393,-90.3518,76.96,95,99,5.99
57,Upernavik,GL,2022-05-28 14:27:09,72.7868,-56.1549,28.6,75,64,14.97
58,Guozhen,CN,2022-05-28 14:30:23,34.3659,107.359,74.98,44,85,4.88
59,Basco,PH,2022-05-28 14:30:24,20.4487,121.9702,83.88,83,59,12.86
60,Dikson,RU,2022-05-28 14:30:24,73.5069,80.5464,28.85,93,17,8.19
61,Cochabamba,BO,2022-05-28 14:30:10,-17.3895,-66.1568,63.81,42,2,0.0
62,Sitka,US,2022-05-28 14:30:25,57.0531,-135.33,49.89,87,100,6.91
63,Bengkulu,ID,2022-05-28 14:30:25,-3.8004,102.2655,77.34,87,76,9.4
64,Roald,NO,2022-05-28 14:30:25,62.5833,6.1333,49.15,87,75,12.66
65,Provincia di Campobasso,IT,2022-05-28 14:30:26,41.6333,14.5833,79.95,35,42,11.1
66,Aklavik,CA,2022-05-28 14:27:11,68.2191,-135.0107,30.2,93,100,5.75
67,Thompson,CA,2022-05-28 14:26:57,55.7435,-97.8558,41.16,70,40,2.3
68,Horasan,TR,2022-05-28 14:30:26,40.0458,42.1728,69.21,44,24,7.38
69,Port Elizabeth,ZA,2022-05-28 14:30:27,-33.918,25.5701,71.1,58,0,23.02
70,Geraldton,AU,2022-05-28 14:30:27,-28.7667,114.6,64.81,82,75,11.5
71,Codajás,BR,2022-05-28 14:30:28,-3.8367,-62.0569,85.98,62,83,5.06
72,Rio Grande,BR,2022-05-28 14:30:09,-32.035,-52.0986,60.91,79,92,5.7
73,Arraial do Cabo,BR,2022-05-28 14:30:28,-22.9661,-42.0278,82.36,57,0,11.5
74,Kruisfontein,ZA,2022-05-28 14:30:29,-34.0033,24.7314,68.88,83,32,22.44
75,Bredasdorp,ZA,2022-05-28 14:30:29,-34.5322,20.0403,65.43,56,28,18.23
76,Qaanaaq,GL,2022-05-28 14:30:06,77.484,-69.3632,30.76,81,91,4.0
77,Dobryanka,RU,2022-05-28 14:30:30,58.4619,56.4165,54.91,79,84,9.44
78,Nassau,US,2022-05-28 14:30:30,40.7507,-73.5829,72.81,79,100,10.36
79,Dudinka,RU,2022-05-28 14:30:30,69.4058,86.1778,38.62,74,8,14.18
80,Ban Phai,TH,2022-05-28 14:30:31,16.06,102.731,82.62,67,98,10.6
81,Kununurra,AU,2022-05-28 14:30:31,-15.7667,128.7333,64.38,82,9,2.3
82,Koslan,RU,2022-05-28 14:30:31,63.4564,48.8989,61.99,53,96,4.76
83,Touros,BR,2022-05-28 14:30:32,-5.1989,-35.4608,84.31,64,96,10.36
84,Hermanus,ZA,2022-05-28 14:30:32,-34.4187,19.2345,60.8,75,39,21.3
85,Coyhaique,CL,2022-05-28 14:30:02,-45.5752,-72.0662,33.75,86,20,2.3
86,Kavieng,PG,2022-05-28 14:30:33,-2.5744,150.7967,80.73,76,100,5.75
87,Atuona,PF,2022-05-28 14:30:33,-9.8,-139.0333,77.86,79,12,16.13
88,Orlik,RU,2022-05-28 14:30:33,52.5178,99.825,38.48,66,20,2.48
89,Flagstaff,US,2022-05-28 14:28:24,35.1981,-111.6513,60.46,23,0,10.36
90,Half Moon Bay,US,2022-05-28 14:30:34,37.4636,-122.4286,60.91,89,100,9.22
91,Bongouanou,CI,2022-05-28 14:30:34,6.6486,-4.1992,85.96,63,68,1.72
92,Ikot Ekpene,NG,2022-05-28 14:30:35,5.1794,7.7108,82.36,69,91,0.36
93,Kapaa,US,2022-05-28 14:30:35,22.0752,-159.319,75.18,85,100,11.5
94,Laas,IT,2022-05-28 14:30:35,46.6166,10.7002,67.08,67,86,4.36
95,Dingle,PH,2022-05-28 14:27:13,10.9995,122.6711,77.83,86,89,6.29
96,Port Lincoln,AU,2022-05-28 14:30:36,-34.7333,135.8667,53.89,71,92,5.28
97,Kashgar,CN,2022-05-28 14:30:36,39.4547,75.9797,79.81,22,40,17.9
98,Thyborøn,DK,2022-05-28 14:30:37,56.6985,8.2124,53.38,81,87,19.13
99,Tonstad,NO,2022-05-28 14:30:37,58.6626,6.7169,60.37,54,80,13.49
100,Neryungri,RU,2022-05-28 14:30:38,56.6709,124.6491,43.66,96,100,3.51
101,Bako,ET,2022-05-28 14:30:39,5.7833,36.5667,69.19,83,94,2.13
102,Lorengau,PG,2022-05-28 14:30:39,-2.0226,147.2712,79.23,73,100,2.86
103,Ormara,PK,2022-05-28 14:30:39,25.2088,64.6357,81.9,90,2,17.47
104,Ilulissat,GL,2022-05-28 14:30:40,69.2167,-51.1,33.82,80,75,9.22
105,Ribeira Grande,PT,2022-05-28 14:30:40,38.5167,-28.7,64.8,45,20,18.41
106,Yangi Marg`ilon,UZ,2022-05-28 14:25:40,40.4272,71.7189,66.92,59,40,6.91
107,Lodja,CD,2022-05-28 14:30:41,-3.4833,23.4333,70.32,98,100,2.24
108,Cockburn Town,TC,2022-05-28 14:30:41,21.4612,-71.1419,84.16,61,40,17.27
109,Yeniseysk,RU,2022-05-28 14:30:41,58.4497,92.1703,51.82,50,5,3.0
110,Hobart,AU,2022-05-28 14:30:42,-42.8794,147.3294,44.06,92,8,4.61
111,Bethel,US,2022-05-28 14:30:42,41.3712,-73.414,70.2,90,100,3.44
112,Talnakh,RU,2022-05-28 14:30:43,69.4865,88.3972,38.21,87,37,6.62
113,Grand Gaube,MU,2022-05-28 14:30:43,-20.0064,57.6608,77.4,69,0,3.0
114,Saskylakh,RU,2022-05-28 14:30:43,71.9167,114.0833,21.4,94,94,0.69
115,Bétaré Oya,CM,2022-05-28 14:30:44,5.6,14.0833,83.12,60,23,1.72
116,Kirakira,SB,2022-05-28 14:30:44,-10.4544,161.9205,78.21,85,86,2.33
117,Kalabo,ZM,2022-05-28 14:30:45,-14.97,22.6814,79.21,25,0,6.02
118,Norman Wells,CA,2022-05-28 14:30:45,65.282,-126.8329,41.04,81,75,11.5
119,Kayes,ML,2022-05-28 14:30:45,14.0,-11.0,99.79,28,17,6.11
120,Berlevåg,NO,2022-05-28 14:30:46,70.8578,29.0864,51.6,76,39,18.41
121,San Cristobal,VE,2022-05-28 14:28:53,7.7669,-72.225,77.18,64,100,6.35
122,Kahului,US,2022-05-28 14:30:46,20.8947,-156.47,74.84,77,100,8.01
123,Saldanha,ZA,2022-05-28 14:30:47,-33.0117,17.9442,59.05,83,22,13.4
124,Vostok,RU,2022-05-28 14:30:47,46.4856,135.8833,48.74,93,1,4.09
125,Hobbs,US,2022-05-28 14:26:34,32.7026,-103.136,81.07,46,0,11.5
126,Guerrero Negro,MX,2022-05-28 14:30:48,27.9769,-114.0611,63.21,74,57,16.6
127,Shelburne,CA,2022-05-28 14:30:17,44.0787,-80.2041,60.12,77,1,10.98
128,Kodinsk,RU,2022-05-28 14:30:48,58.6881,99.1844,45.88,50,38,2.15
129,Saint George,US,2022-05-28 14:30:19,37.1041,-113.5841,81.25,18,0,5.75
130,Sept-Îles,CA,2022-05-28 14:30:02,50.2001,-66.3821,44.06,95,100,23.02
131,San Patricio,US,2022-05-28 14:30:49,28.017,-97.5169,84.07,59,16,12.1
132,Kholodnyy,RU,2022-05-28 14:30:52,62.7167,147.95,40.17,78,100,2.04
133,Butaritari,KI,2022-05-28 14:30:53,3.0707,172.7902,81.57,74,96,11.77
134,Codrington,AU,2022-05-28 14:30:53,-38.2667,141.9667,52.21,80,97,5.68
135,Kloulklubed,PW,2022-05-28 14:30:53,7.0419,134.2556,75.7,75,100,12.48
136,Saint-Augustin,CA,2022-05-28 14:30:54,51.226,-58.6502,47.3,64,100,17.36
137,Atar,MR,2022-05-28 14:28:48,20.5169,-13.0499,99.3,23,85,8.7
138,Tilichiki,RU,2022-05-28 14:30:54,60.4667,166.1,35.26,99,100,3.04
139,Lucera,IT,2022-05-28 14:30:55,41.5082,15.3351,84.29,32,0,16.11
140,Ancud,CL,2022-05-28 14:30:55,-41.8697,-73.8203,46.18,70,99,5.64
141,Tigil',RU,2022-05-28 14:30:55,57.8,158.6667,34.05,86,52,3.44
142,Cassilândia,BR,2022-05-28 14:30:56,-19.1133,-51.7342,85.06,33,0,8.81
143,Hualmay,PE,2022-05-28 14:30:56,-11.0964,-77.6139,66.27,74,66,7.54
144,Nome,US,2022-05-28 14:30:56,64.5011,-165.4064,35.67,93,100,5.75
145,Constitución,CL,2022-05-28 14:30:57,-35.3333,-72.4167,49.98,46,96,6.26
146,Hilo,US,2022-05-28 14:27:04,19.7297,-155.09,73.27,93,100,4.61
147,Clyde River,CA,2022-05-28 14:30:57,70.4692,-68.5914,19.63,79,75,6.91
148,Along,IN,2022-05-28 14:30:57,28.1667,94.7667,71.78,97,11,0.81
149,Mmathubudukwane,BW,2022-05-28 14:30:58,-24.6,26.4333,71.82,37,0,5.61
150,Aksarka,RU,2022-05-28 14:30:59,66.5606,67.7975,60.04,38,16,20.24
151,New Norfolk,AU,2022-05-28 14:31:00,-42.7826,147.0587,43.72,86,26,1.77
152,Nanortalik,GL,2022-05-28 14:28:43,60.1432,-45.2371,41.45,75,94,4.68
153,The Valley,AI,2022-05-28 14:31:00,18.217,-63.0578,84.06,69,20,16.11
154,Nara,JP,2022-05-28 14:31:01,34.6851,135.8049,70.5,46,73,2.66
155,Henties Bay,NA,2022-05-28 14:31:01,-22.116,14.2845,58.98,81,55,13.56
156,Tasiilaq,GL,2022-05-28 14:31:02,65.6145,-37.6368,39.36,96,100,30.74
157,La Providencia,MX,2022-05-28 14:31:02,28.7167,-111.5833,80.2,32,1,4.88
158,Mae Sai,TH,2022-05-28 14:31:03,20.4335,99.8762,75.85,87,88,1.79
159,Bodden Town,KY,2022-05-28 14:31:03,19.2833,-81.25,87.01,74,40,8.05
160,Deputatsky,RU,2022-05-28 14:31:04,69.3,139.9,19.15,93,29,2.28
161,Pamekasan,ID,2022-05-28 14:31:04,-7.1568,113.4746,79.23,83,65,2.19
162,Naukot,PK,2022-05-28 14:31:04,24.8587,69.4024,91.4,47,1,20.54
163,Sinjār,IQ,2022-05-28 14:31:05,36.3209,41.8754,92.5,8,0,9.46
164,Teruel,ES,2022-05-28 14:31:05,40.6667,-0.6667,75.27,26,10,10.96
165,Maragogi,BR,2022-05-28 14:31:06,-9.0122,-35.2225,77.7,85,100,13.58
166,Arrondissement de Saint-Gaudens,FR,2022-05-28 14:31:06,43.0833,0.6667,75.52,48,57,7.16
167,Los Llanos de Aridane,ES,2022-05-28 14:31:06,28.6585,-17.9182,67.75,70,100,10.0
168,Mar del Plata,AR,2022-05-28 14:27:31,-38.0023,-57.5575,48.94,71,100,1.99
169,Avera,US,2022-05-28 14:31:07,33.194,-82.5271,76.55,49,0,6.87
170,Lompoc,US,2022-05-28 14:27:24,34.6391,-120.4579,54.59,89,100,14.0
171,Purgstall,AT,2022-05-28 14:31:07,48.0584,15.1348,66.54,44,48,12.57
172,Quepos,CR,2022-05-28 14:31:08,9.4236,-84.1652,81.1,78,67,1.59
173,Vila Velha,BR,2022-05-28 14:31:08,-20.3297,-40.2925,80.55,71,75,6.91
174,Kjøllefjord,NO,2022-05-28 14:31:08,70.9457,27.3465,53.65,68,54,18.54
175,Ban Nahin,LA,2022-05-28 14:31:09,18.2418,104.2122,75.33,95,86,2.98
176,Tuktoyaktuk,CA,2022-05-28 14:31:09,69.4541,-133.0374,24.8,86,100,9.22
177,Pevek,RU,2022-05-28 14:31:10,69.7008,170.3133,26.31,83,74,3.94
178,Warwick,US,2022-05-28 14:26:24,41.7001,-71.4162,69.76,89,100,10.36
179,Pacific Grove,US,2022-05-28 14:31:10,36.6177,-121.9166,56.01,92,100,7.0
180,Mount Gambier,AU,2022-05-28 14:31:10,-37.8333,140.7667,48.11,100,75,4.61
181,Lock Haven,US,2022-05-28 14:28:09,41.137,-77.4469,68.49,84,100,5.55
182,Provideniya,RU,2022-05-28 14:31:11,64.3833,-173.3,39.02,85,13,6.71
183,Khandagayty,RU,2022-05-28 14:31:11,50.7333,92.05,61.27,37,27,4.36
184,Faanui,PF,2022-05-28 14:31:12,-16.4833,-151.75,80.91,67,8,16.04
185,Gizo Government Station,SB,2022-05-28 14:31:12,-8.103,156.8419,81.57,74,28,1.79
186,Aykhal,RU,2022-05-28 14:31:13,66.0,111.5,42.17,52,91,7.83
187,Jalu,LY,2022-05-28 14:31:13,29.0331,21.5482,102.76,7,0,4.76
188,Ahipara,NZ,2022-05-28 14:31:13,-35.1667,173.1667,60.55,75,97,16.04
189,Buzuluk,RU,2022-05-28 14:31:14,52.7807,52.2635,65.79,62,100,19.53
190,Bethanien,NA,2022-05-28 14:31:14,-26.502,17.1583,72.77,15,0,18.16
191,Enumclaw,US,2022-05-28 14:30:45,47.2043,-121.9915,49.82,86,100,1.01
192,Laguna,US,2022-05-28 14:31:15,38.421,-121.4238,61.11,82,20,10.36
193,Kabare,CD,2022-05-28 14:31:15,-2.4683,28.8242,65.77,93,97,1.95
194,Alta Floresta,BR,2022-05-28 14:30:42,-9.8756,-56.0861,93.02,46,0,8.05
195,Chokwé,MZ,2022-05-28 14:31:15,-24.5333,32.9833,73.15,67,1,6.78
196,Saint-Pierre,RE,2022-05-28 14:31:16,-21.3393,55.4781,74.88,64,100,16.11
197,Antalaha,MG,2022-05-28 14:31:16,-14.9003,50.2788,74.5,77,4,10.98
198,Bubaque,GW,2022-05-28 14:31:17,11.2833,-15.8333,81.66,66,17,7.76
199,Dhidhdhoo,MV,2022-05-28 14:31:17,6.8833,73.1,82.44,75,100,14.7
200,Los Baños,PH,2022-05-28 14:31:18,14.1667,121.1833,79.29,87,91,3.11
201,Aquin,HT,2022-05-28 14:31:19,18.2833,-73.4,83.3,67,100,9.1
202,Urucará,BR,2022-05-28 14:31:19,-2.5364,-57.76,87.55,53,88,5.7
203,Lagoa,PT,2022-05-28 14:31:19,39.05,-27.9833,59.58,60,100,18.12
204,Orange Cove,US,2022-05-28 14:31:20,36.6244,-119.3137,64.78,51,98,1.86
205,Correntina,BR,2022-05-28 14:31:20,-13.3433,-44.6367,85.42,24,0,7.02
206,Weymouth,US,2022-05-28 14:31:20,42.2209,-70.9398,70.88,89,100,11.5
207,Souillac,MU,2022-05-28 14:31:21,-20.5167,57.5167,77.38,73,75,14.97
208,Kuusamo,FI,2022-05-28 14:31:21,65.9667,29.1833,55.44,67,0,2.3
209,Goderich,CA,2022-05-28 14:31:22,43.7501,-81.7165,53.92,82,56,8.05
210,Terra Santa,BR,2022-05-28 14:31:22,-2.1042,-56.4869,86.32,61,32,5.59
211,Tuatapere,NZ,2022-05-28 14:31:22,-46.1333,167.6833,45.81,90,89,4.65
212,Balabac,PH,2022-05-28 14:31:23,7.9868,117.0645,81.14,78,100,5.06
213,San Ramon,US,2022-05-28 14:31:23,37.7799,-121.978,59.81,85,100,10.36
214,Lebu,CL,2022-05-28 14:31:24,-37.6167,-73.65,46.58,64,1,16.22
215,Carnarvon,AU,2022-05-28 14:31:24,-24.8667,113.6333,68.54,75,100,11.97
216,Lavrentiya,RU,2022-05-28 14:31:24,65.5833,-171.0,34.05,96,100,2.91
217,Bagdarin,RU,2022-05-28 14:31:25,54.4333,113.6,37.49,63,97,6.44
218,Ponta do Sol,PT,2022-05-28 14:27:03,32.6667,-17.1,73.71,69,100,9.57
219,Camacha,PT,2022-05-28 14:31:25,33.0833,-16.3333,67.42,64,75,12.66
220,Valdivia,CL,2022-05-28 14:31:22,-39.8142,-73.2459,42.89,71,32,3.0
221,Brooks,CA,2022-05-28 14:31:26,50.5834,-111.8851,53.58,72,100,8.05
222,Panguna,PG,2022-05-28 14:31:26,-6.3164,155.4848,70.3,97,93,0.78
223,São Filipe,CV,2022-05-28 14:31:27,14.8961,-24.4956,74.03,80,29,3.58
224,Nieuw Amsterdam,SR,2022-05-28 14:31:27,5.8833,-55.0833,84.36,75,40,8.05
225,Suruç,TR,2022-05-28 14:31:27,36.9761,38.425,91.74,13,6,6.87
226,Paamiut,GL,2022-05-28 14:31:28,61.994,-49.6678,34.84,84,100,24.65
227,Asău,RO,2022-05-28 14:31:28,46.4333,26.4,63.52,87,100,4.03
228,Wobulenzi,UG,2022-05-28 14:31:29,0.7283,32.5122,71.73,79,91,1.25
229,Umba,RU,2022-05-28 14:31:29,66.6871,34.3429,51.69,77,84,7.4
230,Lüderitz,NA,2022-05-28 14:31:29,-26.6481,15.1594,60.64,75,5,11.23
231,Khatanga,RU,2022-05-28 14:31:30,71.9667,102.5,32.7,98,100,11.18
232,Mitú,CO,2022-05-28 14:29:11,1.1983,-70.1733,79.65,75,93,2.8
233,Sørland,NO,2022-05-28 14:31:30,67.667,12.6934,46.26,89,100,9.71
234,Pizarro,CO,2022-05-28 14:31:30,4.9533,-77.366,78.4,87,100,6.2
235,College,US,2022-05-28 14:31:31,64.8569,-147.8028,52.9,55,75,5.75
236,Bellefontaine,US,2022-05-28 14:29:52,40.3612,-83.7597,63.3,90,100,4.61
237,Amalner,IN,2022-05-28 14:31:32,21.05,75.0667,92.98,38,0,19.53
238,Camaná,PE,2022-05-28 14:31:32,-16.6228,-72.7111,65.7,69,29,5.12
239,Rāzole,IN,2022-05-28 14:31:33,16.4833,81.8333,89.49,58,64,9.66
240,Ihosy,MG,2022-05-28 14:31:33,-22.4,46.1167,60.08,76,1,11.39
241,Jarosław,PL,2022-05-28 14:31:33,50.0162,22.6778,57.51,55,44,14.88
242,Clemson,US,2022-05-28 14:28:44,34.6834,-82.8374,74.34,62,0,4.61
243,Vao,NC,2022-05-28 14:31:34,-22.6667,167.4833,74.68,83,2,15.79
244,Calama,CL,2022-05-28 14:26:59,-22.4667,-68.9333,54.09,16,0,11.5
245,Cuxhaven,DE,2022-05-28 14:29:10,53.8718,8.6909,52.97,76,46,28.14
246,Mathbaria,BD,2022-05-28 14:31:34,22.2876,89.9593,80.78,67,100,7.63
247,Port-Gentil,GA,2022-05-28 14:31:35,-0.7193,8.7815,80.56,69,20,18.41
248,Mitchell,US,2022-05-28 14:28:57,43.7094,-98.0298,73.11,60,0,9.22
249,Belaya Gora,RU,2022-05-28 14:31:35,68.5333,146.4167,41.11,57,53,6.2
250,Teacapan,MX,2022-05-28 14:31:37,22.55,-105.75,80.46,62,5,3.44
251,Jishou,CN,2022-05-28 14:31:37,28.3167,109.7167,67.03,98,98,0.92
252,Hobyo,SO,2022-05-28 14:31:37,5.3505,48.5268,79.45,82,25,21.27
253,Ouallam,NE,2022-05-28 14:31:38,14.3188,2.0866,105.93,17,1,7.14
254,Alice Springs,AU,2022-05-28 14:31:14,-23.7,133.8833,69.22,32,97,0.0
255,Jining,CN,2022-05-28 14:31:38,35.405,116.5814,76.57,46,96,16.58
256,Puerto Colombia,CO,2022-05-28 14:31:38,10.9878,-74.9547,86.09,69,91,7.61
257,Torbay,CA,2022-05-28 14:31:39,47.6666,-52.7314,46.27,72,100,13.8
258,Esperance,AU,2022-05-28 14:28:50,-33.8667,121.9,53.44,78,25,25.97
259,Balyqshy,KZ,2022-05-28 14:31:39,47.0667,51.8667,71.6,56,0,17.9
260,Bilibino,RU,2022-05-28 14:31:40,68.0546,166.4372,35.33,69,98,1.9
261,Airai,TL,2022-05-28 14:31:40,-8.9266,125.4092,59.04,90,41,0.65
262,Greenville,US,2022-05-28 14:31:41,35.6127,-77.3663,77.02,63,0,4.61
263,Chokurdakh,RU,2022-05-28 14:31:41,70.6333,147.9167,27.18,92,72,4.36
264,Tazovsky,RU,2022-05-28 14:31:41,67.4667,78.7,44.91,63,4,14.56
265,Pasni,PK,2022-05-28 14:31:42,25.2631,63.471,82.26,87,0,17.18
266,Port Blair,IN,2022-05-28 14:31:42,11.6667,92.75,84.24,79,75,11.5
267,Genhe,CN,2022-05-28 14:31:43,50.7833,121.5167,38.41,64,68,1.86
268,Zhigansk,RU,2022-05-28 14:31:43,66.7697,123.3711,31.95,88,7,9.62
269,Ulvik,NO,2022-05-28 14:31:43,60.5672,6.9187,56.79,56,96,5.41
270,Sibu,MY,2022-05-28 14:31:06,2.3,111.8167,79.11,88,20,2.3
271,Batagay,RU,2022-05-28 14:31:44,67.6333,134.6333,42.64,49,39,3.06
272,Korla,CN,2022-05-28 14:31:44,41.7597,86.1469,78.33,32,64,2.59
273,Antofagasta,CL,2022-05-28 14:28:51,-23.65,-70.4,58.28,71,53,4.34
274,Naantali,FI,2022-05-28 14:31:45,60.4674,22.0243,58.42,71,100,8.05
275,Tigre,AR,2022-05-28 14:31:45,-34.426,-58.5796,58.26,77,20,3.44
276,Teya,RU,2022-05-28 14:31:45,60.3778,92.6267,53.6,51,99,3.96
277,Dalgopol,BG,2022-05-28 14:31:46,43.05,27.35,71.98,66,99,7.4
278,Cheyenne,US,2022-05-28 14:27:08,41.14,-104.8203,68.23,40,0,7.0
279,Hong Kong,HK,2022-05-28 14:27:32,22.2855,114.1577,84.38,84,94,13.0
280,Alofi,NU,2022-05-28 14:31:46,-19.0595,-169.9187,75.09,94,97,5.75
281,Baruun-Urt,MN,2022-05-28 14:31:47,46.6806,113.2792,42.82,69,100,11.18
282,Grindavik,IS,2022-05-28 14:31:47,63.8424,-22.4338,58.89,62,75,26.46
283,Rørvik,NO,2022-05-28 14:31:47,64.8621,11.2373,45.86,88,100,24.65
284,San Carlos,VE,2022-05-28 14:29:24,9.6612,-68.5827,82.98,62,97,3.11
285,Neuquén,AR,2022-05-28 14:30:14,-38.9516,-68.0591,37.29,60,0,6.91
286,Hofn,IS,2022-05-28 14:31:48,64.2539,-15.2082,47.21,78,35,8.84
287,Makkah al Mukarramah,SA,2022-05-28 14:28:22,21.4267,39.8261,102.96,13,0,15.82
288,Santa Cruz de La Palma,ES,2022-05-28 14:31:49,28.6835,-17.7642,71.74,56,100,3.44
289,Erenhot,CN,2022-05-28 14:31:49,43.6475,111.9767,50.77,63,100,21.25
290,Ekenäs,FI,2022-05-28 14:31:49,59.9736,23.4339,54.9,80,89,7.38
291,Flinders,AU,2022-05-28 14:31:50,-34.5833,150.8552,53.06,86,6,9.26
292,San Policarpo,PH,2022-05-28 14:31:50,12.1791,125.5072,80.78,82,87,8.28
293,San Rafael,AR,2022-05-28 14:31:50,-34.6177,-68.3301,48.9,48,98,0.56
294,Padang,ID,2022-05-28 14:31:51,-0.9492,100.3543,75.25,76,94,2.39
295,Moba,CN,2022-05-28 14:31:51,33.2288,105.0179,58.35,79,100,3.49
296,Saint Paul Harbor,US,2022-05-28 14:31:52,57.79,-152.4072,60.31,41,0,8.05
297,Ürümqi,CN,2022-05-28 14:31:52,43.801,87.6005,83.35,20,0,4.47
298,Erzincan Province,TR,2022-05-28 14:31:52,39.75,39.5,79.9,34,40,2.3
299,Ponnāni,IN,2022-05-28 14:31:53,10.767,75.9252,81.72,82,10,4.18
300,Lagos,NG,2022-05-28 14:29:58,6.5833,3.75,91.72,62,63,8.19
301,Saryozek,KZ,2022-05-28 14:31:54,44.3583,77.9753,53.19,86,100,12.95
302,Korampallam,IN,2022-05-28 14:31:54,8.7667,78.1,86.86,57,100,11.16
303,Chui,UY,2022-05-28 14:28:46,-33.6971,-53.4616,58.14,68,5,5.1
304,Gondanglegi,ID,2022-05-28 14:31:55,-7.7479,112.0132,75.45,93,12,2.84
305,Haines Junction,CA,2022-05-28 14:31:55,60.7522,-137.5108,39.15,87,68,2.3
306,Hasaki,JP,2022-05-28 14:31:56,35.7333,140.8333,66.6,80,88,9.62
307,Emilio Carranza,MX,2022-05-28 14:31:56,19.9711,-96.6114,84.04,59,97,3.13
308,Maţāy,EG,2022-05-28 14:31:56,28.419,30.7792,98.47,11,0,14.63
309,Liverpool,GB,2022-05-28 14:30:52,53.4106,-2.9779,64.89,59,20,17.27
310,Palmas Bellas,PA,2022-05-28 14:31:57,9.2319,-80.0867,81.0,91,100,7.14
311,Bañón,ES,2022-05-28 14:31:57,40.8382,-1.1909,81.18,39,0,9.22
312,Mezhdurechensk,RU,2022-05-28 14:31:58,53.6942,88.0603,60.49,60,83,1.43
313,Portland,US,2022-05-28 14:31:20,45.5234,-122.6762,54.18,91,100,5.01
314,Lynn Haven,US,2022-05-28 14:32:20,30.2455,-85.6483,81.97,64,0,5.75
315,Binga,ZW,2022-05-28 14:32:20,-17.6203,27.3414,74.23,45,0,7.2
316,La Unión,PE,2022-05-28 14:32:21,-5.4,-80.75,72.66,59,13,10.76
317,Kambia,SL,2022-05-28 14:32:21,9.1167,-12.9167,92.77,47,72,3.8
318,Overpelt,BE,2022-05-28 14:32:21,51.2107,5.4139,66.61,41,75,9.22
319,Pedernales,DO,2022-05-28 14:32:22,18.0384,-71.744,86.18,56,32,6.51
320,Elliot Lake,CA,2022-05-28 14:32:22,46.3834,-82.6331,64.42,49,49,1.86
321,Gazli,UZ,2022-05-28 14:32:22,40.1333,63.45,76.5,17,1,14.07
322,Paramonga,PE,2022-05-28 14:32:23,-10.6667,-77.8333,66.58,75,76,7.99
323,Harper,LR,2022-05-28 14:32:23,4.375,-7.7169,83.16,72,73,8.7
324,Ruteng,ID,2022-05-28 14:32:23,-8.6136,120.4721,62.98,94,95,1.43
325,Celina,US,2022-05-28 14:32:23,40.5489,-84.5702,62.87,92,81,3.74
326,Dunedin,NZ,2022-05-28 14:32:24,-45.8742,170.5036,44.8,81,24,1.01
327,Meulaboh,ID,2022-05-28 14:32:24,4.1363,96.1285,78.35,83,82,4.23
328,Lajas,PR,2022-05-28 14:32:25,18.05,-67.0593,88.34,63,17,17.0
329,Khabary,RU,2022-05-28 14:32:25,53.6259,79.5345,65.05,61,57,8.88
330,Slavgorodskoye,RU,2022-05-28 14:32:25,53.0214,78.6435,65.35,56,90,7.45
331,West Bay,KY,2022-05-28 14:32:26,19.3667,-81.4167,87.08,74,40,8.05
332,Kristianstad,SE,2022-05-28 14:32:26,56.0313,14.1524,57.34,91,100,6.91
333,Dolores,AR,2022-05-28 14:32:27,-36.3132,-57.6792,52.88,54,98,2.51
334,Yumen,CN,2022-05-28 14:32:27,40.2833,97.2,68.63,38,99,13.2
335,Dinghaicun,CN,2022-05-28 14:32:27,26.2847,119.7936,74.32,96,100,1.95
336,Alenquer,BR,2022-05-28 14:30:06,-1.9417,-54.7383,83.91,67,13,5.64
337,Chichihualco,MX,2022-05-28 14:32:28,17.6833,-99.65,75.18,58,100,4.14
338,Vestmannaeyjar,IS,2022-05-28 14:32:28,63.4427,-20.2734,52.79,76,0,19.57
339,Cidreira,BR,2022-05-28 14:32:29,-30.1811,-50.2056,64.49,92,98,3.89
340,Kaitangata,NZ,2022-05-28 14:32:29,-46.2817,169.8464,42.51,90,17,4.05
341,Pitimbu,BR,2022-05-28 14:32:29,-7.4706,-34.8086,75.79,88,100,7.92
342,Ayorou,NE,2022-05-28 14:32:30,14.7308,0.9174,108.28,12,4,4.21
343,Estelle,US,2022-05-28 14:32:30,29.8458,-90.1067,81.0,58,20,4.0
344,Zakupne,UA,2022-05-28 14:32:30,49.1194,26.3376,59.13,56,80,9.57
345,Pangani,TZ,2022-05-28 14:32:31,-5.4333,38.9667,80.49,67,87,12.44
346,Longyearbyen,SJ,2022-05-28 14:32:31,78.2186,15.6401,53.44,50,0,8.05
347,Galesong,ID,2022-05-28 14:32:32,-5.3166,119.3661,77.02,82,98,3.83
348,Oga,IT,2022-05-28 14:32:30,46.4631,10.347,59.68,80,92,6.89
349,Daşoguz,TM,2022-05-28 14:32:32,41.8363,59.9666,80.55,24,0,6.91
350,Russell,US,2022-05-28 14:32:33,32.3502,-85.1999,73.0,68,0,3.44
351,Galesburg,US,2022-05-28 14:32:34,40.9478,-90.3712,65.89,77,0,12.66
352,Leningradskiy,RU,2022-05-28 14:30:19,69.3833,178.4167,27.81,93,100,2.68
353,Jakar,BT,2022-05-28 14:32:34,27.5492,90.7525,55.04,97,100,1.48
354,Houston,US,2022-05-28 14:23:06,29.7633,-95.3633,84.33,73,40,10.36
355,Road Town,VG,2022-05-28 14:32:35,18.4167,-64.6167,82.49,78,40,11.5
356,North Bend,US,2022-05-28 14:30:16,43.4065,-124.2243,52.86,96,100,6.91
357,Pangnirtung,CA,2022-05-28 14:32:35,66.1451,-65.7125,30.2,74,75,2.3
358,Morondava,MG,2022-05-28 14:32:36,-20.2833,44.2833,78.13,66,0,14.56
359,Aktau,KZ,2022-05-28 14:32:36,43.65,51.2,73.98,44,0,7.54
360,San Quintín,MX,2022-05-28 14:32:37,30.4833,-115.95,62.02,74,98,9.93
361,Hof,DE,2022-05-28 14:32:37,50.3167,11.9167,62.31,41,0,14.0
362,Narsaq,GL,2022-05-28 14:32:38,60.9167,-46.05,59.22,44,17,8.1
363,Mehamn,NO,2022-05-28 14:32:38,71.0357,27.8492,48.11,77,58,17.96
364,Ketchikan,US,2022-05-28 14:29:29,55.3422,-131.6461,48.67,100,75,3.44
365,Ayan,RU,2022-05-28 14:32:39,56.45,138.1667,34.09,96,100,15.66
366,Charters Towers,AU,2022-05-28 14:32:39,-20.1,146.2667,61.75,51,5,7.4
367,Olinda,BR,2022-05-28 14:32:39,-8.0089,-34.8553,73.13,94,100,6.91
368,Byron Bay,AU,2022-05-28 14:32:40,-28.65,153.6167,60.12,79,0,10.98
369,Mubārakpur,IN,2022-05-28 14:32:40,26.09,83.2922,98.8,24,59,10.09
370,Outjo,NA,2022-05-28 14:32:40,-20.1167,16.15,78.94,16,0,10.29
371,Tianpeng,CN,2022-05-28 14:32:41,30.9866,103.9393,75.72,72,99,3.87
372,Mahébourg,MU,2022-05-28 14:32:41,-20.4081,57.7,77.29,73,75,14.97
373,Vila Franca do Campo,PT,2022-05-28 14:32:42,37.7167,-25.4333,67.19,92,100,9.86
374,Morro Bay,US,2022-05-28 14:31:14,35.3658,-120.8499,57.2,93,84,4.07
375,Oranjestad,AW,2022-05-28 14:30:34,12.524,-70.027,84.15,65,20,24.16
376,Olafsvik,IS,2022-05-28 14:32:42,64.8945,-23.7142,50.72,73,100,11.92
377,Catumbela,AO,2022-05-28 14:32:43,-12.4314,13.5472,75.25,75,8,7.38
378,Solnechnyy,RU,2022-05-28 14:32:43,50.7214,136.6319,45.46,98,100,3.06
379,Māngrol,IN,2022-05-28 14:32:43,21.1167,70.1167,81.84,82,8,13.47
380,Broome,US,2022-05-28 14:32:44,42.2506,-75.833,68.09,76,100,11.5
381,Khovd,MN,2022-05-28 14:32:44,48.0056,91.6419,63.81,37,5,4.61
382,Santa Cruz de la Sierra,BO,2022-05-28 14:32:44,-17.8,-63.1667,80.06,83,75,17.27
383,Manama,BH,2022-05-28 14:32:45,26.2154,50.5832,96.98,48,0,13.8
384,Hambantota,LK,2022-05-28 14:32:45,6.1241,81.1185,79.14,94,20,11.5
385,Maunatlala,BW,2022-05-28 14:32:45,-22.597,27.6301,73.63,33,0,7.85
386,Sandy Bay,AU,2022-05-28 14:32:46,-42.913,147.3532,44.1,92,8,4.61
387,Mount Isa,AU,2022-05-28 14:32:46,-20.7333,139.5,53.37,58,5,0.0
388,Viedma,AR,2022-05-28 14:32:46,-40.8135,-62.9967,48.31,38,0,13.44
389,Havre-St-Pierre,CA,2022-05-28 14:32:47,50.2334,-63.5986,44.96,93,100,24.16
390,Campos Sales,BR,2022-05-28 14:32:47,-7.0744,-40.3761,76.17,62,97,11.16
391,Oktyabr'skiy,RU,2022-05-28 14:32:47,54.4815,53.471,55.51,91,100,15.68
392,Puerto Carreño,CO,2022-05-28 14:32:48,6.189,-67.4859,80.58,83,40,5.75
393,Belém,BR,2022-05-28 14:29:53,-1.4558,-48.5044,86.04,70,40,5.75
394,Burnie,AU,2022-05-28 14:32:49,-41.0667,145.9167,50.04,86,56,4.14
395,Nuuk,GL,2022-05-28 14:32:49,64.1835,-51.7216,34.41,80,75,12.66
396,General Roca,AR,2022-05-28 14:32:49,-39.0333,-67.5833,48.54,35,0,11.27
397,Kaka,TM,2022-05-28 14:32:50,37.3482,59.6143,76.59,23,0,7.7
398,Palana,RU,2022-05-28 14:32:50,59.1167,159.9667,33.24,92,98,4.05
399,Klaksvík,FO,2022-05-28 14:32:50,62.2266,-6.589,47.32,71,5,17.72
400,Merauke,ID,2022-05-28 14:32:52,-8.4667,140.3333,77.02,84,10,12.19
401,Kandrian,PG,2022-05-28 14:32:52,-6.2167,149.55,76.28,90,91,5.01
402,Olonets,RU,2022-05-28 14:32:52,60.9847,32.9698,46.83,94,100,4.92
403,Rancho Palos Verdes,US,2022-05-28 14:32:53,33.7445,-118.387,63.0,86,100,3.0
404,São Sebastião,BR,2022-05-28 14:32:53,-23.76,-45.4097,82.18,46,100,2.42
405,Manokwari,ID,2022-05-28 14:32:53,-0.8667,134.0833,78.24,82,8,4.63
406,Cabedelo,BR,2022-05-28 14:32:54,-6.9811,-34.8339,75.87,85,100,8.08
407,Begamganj,IN,2022-05-28 14:32:54,23.6,78.3333,96.58,21,0,12.01
408,Yar-Sale,RU,2022-05-28 14:32:54,66.8333,70.8333,53.73,41,10,18.81
409,Aripuanã,BR,2022-05-28 14:32:55,-9.1667,-60.6333,90.45,43,82,4.45
410,Senanga,ZM,2022-05-28 14:32:55,-16.1167,23.2667,79.36,18,0,7.29
411,Sayyan,YE,2022-05-28 14:32:56,15.1718,44.3244,73.98,19,85,8.52
412,Santa Rosalía,MX,2022-05-28 14:32:56,27.3167,-112.2833,84.04,23,1,3.33
413,Nurota,UZ,2022-05-28 14:32:56,40.5614,65.6886,67.66,33,6,14.67
414,Wasco,US,2022-05-28 14:32:57,35.5941,-119.341,65.26,49,87,6.04
415,Sikasso,ML,2022-05-28 14:32:57,10.9167,-7.0,97.75,32,3,7.63
416,Sioux Lookout,CA,2022-05-28 14:32:57,50.1001,-91.917,55.47,76,100,6.91
417,Lipin Bor,RU,2022-05-28 14:32:58,60.2622,37.9763,47.07,93,100,3.53
418,Palafrugell,ES,2022-05-28 14:32:58,41.9174,3.1631,88.45,54,13,4.0
419,Frolovo,RU,2022-05-28 14:32:58,49.7713,43.6622,68.4,61,98,15.99
420,Puerto Princesa City,PH,2022-05-28 14:32:59,9.7392,118.7353,78.06,82,96,0.58
421,Kovdor,RU,2022-05-28 14:32:59,67.5662,30.4758,57.56,53,39,12.1
422,Magadan,RU,2022-05-28 14:32:59,59.5667,150.8,36.91,96,71,2.57
423,Karaidel',RU,2022-05-28 14:33:00,55.8337,56.9069,54.01,85,99,11.95
424,Palmer,US,2022-05-28 14:33:00,42.1584,-72.3287,71.33,83,100,4.61
425,Beachwood,US,2022-05-28 14:33:01,41.4645,-81.5087,63.18,82,75,16.11
426,Rucheng,CN,2022-05-28 14:33:01,32.3883,120.5553,69.96,90,100,12.28
427,Qeshm,IR,2022-05-28 14:33:01,26.9581,56.2719,96.67,57,0,10.31
428,Randazzo,IT,2022-05-28 14:33:02,37.8774,14.9501,69.42,62,92,5.57
429,Durban,ZA,2022-05-28 14:28:31,-29.8579,31.0292,78.93,83,0,1.99
430,Benjamin Constant,BR,2022-05-28 14:33:03,-4.3831,-70.0311,77.13,88,75,4.61
431,Bouna,CI,2022-05-28 14:33:03,9.2667,-3.0,96.39,36,20,4.61
432,Kuril'sk,RU,2022-05-28 14:33:03,45.2333,147.8833,44.69,94,100,30.6
433,Sangar,RU,2022-05-28 14:33:04,63.9242,127.4739,45.73,68,100,4.47
434,Salalah,OM,2022-05-28 14:33:04,17.0151,54.0924,86.09,74,40,12.66
435,Popondetta,PG,2022-05-28 14:33:05,-8.7537,148.2534,71.8,97,22,2.64
436,Mizdah,LY,2022-05-28 14:33:05,31.4451,12.9801,89.64,14,0,25.84
437,Cairns,AU,2022-05-28 14:28:32,-16.9167,145.7667,66.07,96,6,1.14
438,Te Anau,NZ,2022-05-28 14:33:05,-45.4167,167.7167,45.14,92,100,1.77
439,Rundu,NA,2022-05-28 14:33:06,-17.9333,19.7667,81.19,19,0,6.15
440,Edéa,CM,2022-05-28 14:33:06,3.8,10.1333,82.9,75,93,5.12
441,Paphos,CY,2022-05-28 14:33:06,34.7667,32.4167,86.23,45,20,16.11
442,Husavik,IS,2022-05-28 14:33:07,66.0449,-17.3389,50.94,55,8,7.09
443,Maceió,BR,2022-05-28 14:32:45,-9.6658,-35.7353,81.84,69,100,9.22
444,Bathsheba,BB,2022-05-28 14:33:08,13.2167,-59.5167,81.21,74,75,13.8
445,Hereford,GB,2022-05-28 14:33:08,52.0568,-2.7148,67.33,57,26,9.66
446,Santa Isabel Rio Negro,BR,2022-05-28 14:33:08,-0.4139,-65.0192,83.52,71,84,3.09
447,At-Bashi,KG,2022-05-28 14:33:09,41.1702,75.8106,53.73,78,98,5.48
448,Palmeiras de Goiás,BR,2022-05-28 14:33:09,-16.805,-49.9258,83.52,33,96,4.61
449,Samarai,PG,2022-05-28 14:33:09,-10.6167,150.6667,78.35,70,29,9.33
450,Tessalit,ML,2022-05-28 14:33:11,20.1986,1.0114,108.5,6,7,3.15
451,Guantánamo,CU,2022-05-28 14:33:12,20.1444,-75.2092,83.77,60,99,3.98
452,Abhā,SA,2022-05-28 14:33:12,18.2164,42.5053,80.42,22,40,14.97
453,Ambilobe,MG,2022-05-28 14:33:12,-13.2,49.05,73.83,73,54,1.1
454,Chicama,PE,2022-05-28 14:33:13,-7.8447,-79.1469,61.34,68,66,6.49
455,Kozármisleny,HU,2022-05-28 14:33:13,46.0297,18.2921,55.72,82,100,2.3
456,Winnemucca,US,2022-05-28 14:30:54,40.973,-117.7357,51.85,82,100,0.0
457,São Miguel do Araguaia,BR,2022-05-28 14:33:13,-13.275,-50.1628,89.28,26,12,6.04
458,Mayo,US,2022-05-28 14:33:14,38.8876,-76.5119,74.25,69,0,9.22
459,Paraíso,CR,2022-05-28 14:28:24,9.8383,-83.8656,73.89,81,77,3.44
460,Tiznit Province,MA,2022-05-28 14:33:14,29.5833,-9.5,82.35,39,20,12.44
461,Halifax,CA,2022-05-28 14:30:02,44.6453,-63.5724,62.49,97,100,8.99
462,Tabas,IR,2022-05-28 14:33:15,33.5959,56.9244,86.99,9,0,14.5
463,Turaif,SA,2022-05-28 14:33:15,31.6725,38.6637,95.25,14,40,6.91
464,Ubari,LY,2022-05-28 14:33:16,26.5921,12.7805,99.55,7,45,15.43
465,Stornoway,GB,2022-05-28 14:33:16,58.2093,-6.3865,51.93,70,75,17.27
466,Bariloche,AR,2022-05-28 14:30:14,-41.1456,-71.3082,29.95,64,20,10.36
467,Kavaratti,IN,2022-05-28 14:31:27,10.5669,72.642,82.81,75,14,4.68
468,Linhares,BR,2022-05-28 14:31:09,-19.3911,-40.0722,78.98,58,100,3.71
469,São João da Barra,BR,2022-05-28 14:29:56,-21.6403,-41.0511,80.69,66,100,8.61
470,Raduzhny,RU,2022-05-28 14:33:17,62.0961,77.475,65.88,57,95,9.71
471,Gusinoye Ozero,RU,2022-05-28 14:33:18,51.1144,106.2614,46.06,48,33,11.79
472,Yulara,AU,2022-05-28 14:33:18,-25.2406,130.9889,69.15,40,100,13.51
473,Silifke,TR,2022-05-28 14:32:50,36.3778,33.9344,84.0,43,7,4.0
474,Sungai Penuh,ID,2022-05-28 14:33:19,-2.0833,101.3833,63.25,92,99,1.66
475,Mulegé,MX,2022-05-28 14:30:22,26.8833,-111.9833,87.48,23,5,1.7
476,Kachīry,KZ,2022-05-28 14:33:19,53.0675,76.1036,64.92,37,100,10.89
477,Rodrigues Alves,BR,2022-05-28 14:33:19,-7.738,-72.6509,75.4,73,54,1.83
478,Vilhena,BR,2022-05-28 14:33:20,-12.7406,-60.1458,82.62,57,0,6.91
479,Boguchany,RU,2022-05-28 14:33:20,58.3814,97.4531,47.86,47,22,2.95
480,Bowen,AU,2022-05-28 14:33:21,-20.0167,148.2333,65.79,73,4,4.27
481,Itoman,JP,2022-05-28 14:33:21,26.1247,127.6694,77.77,96,75,10.36
482,Waipawa,NZ,2022-05-28 14:33:22,-41.4122,175.5153,42.31,91,5,5.14
483,Sol'-Iletsk,RU,2022-05-28 14:33:22,51.1631,54.9918,66.25,62,67,8.48
484,Isla Vista,US,2022-05-28 14:32:16,34.4133,-119.861,65.34,69,0,1.01
485,De Haan,BE,2022-05-28 14:29:15,51.272,3.0429,61.21,59,20,12.66
486,El Salvador,SV,2022-05-28 14:30:00,13.8333,-88.9167,77.4,82,61,2.98
487,San Andrés,CO,2022-05-28 14:33:23,12.5847,-81.7006,82.42,78,40,8.05
488,Rzhaksa,RU,2022-05-28 14:33:23,52.1338,42.0264,59.09,64,31,13.02
489,Dothan,US,2022-05-28 14:33:24,31.2232,-85.3905,76.95,66,0,4.61
490,Turki,RU,2022-05-28 14:33:24,51.987,43.2731,60.67,67,97,13.98
491,Beloha,MG,2022-05-28 14:33:24,-25.1667,45.05,65.62,62,8,9.66
492,Praia da Vitória,PT,2022-05-28 14:32:59,38.7333,-27.0667,66.76,68,75,18.99
493,Am Timan,TD,2022-05-28 14:33:25,11.0297,20.2827,103.06,15,35,3.67
494,Sitges,ES,2022-05-28 14:33:25,41.2351,1.8119,97.72,49,5,1.01
495,Mersing,MY,2022-05-28 14:33:26,2.4312,103.8405,80.51,83,40,5.75
496,Udachny,RU,2022-05-28 14:33:26,66.4167,112.4,48.45,36,67,8.88
497,Sabang,ID,2022-05-28 14:33:27,5.8933,95.3214,83.89,76,99,23.33
498,Epe,NG,2022-05-28 14:33:27,6.5841,3.9834,85.21,65,68,8.63
499,Gander,CA,2022-05-28 14:33:27,48.9682,-54.5906,48.33,45,100,17.27
500,Trincomalee,LK,2022-05-28 14:33:29,8.5711,81.2335,82.45,75,100,19.98
501,Porto Nacional,BR,2022-05-28 14:33:29,-10.7081,-48.4172,87.8,31,6,6.76
502,Gull Lake,CA,2022-05-28 14:30:16,50.1001,-108.4847,56.21,57,75,17.34
503,Bayan,CN,2022-05-28 14:33:30,46.0833,127.4,61.38,40,100,3.06
504,Pierre,US,2022-05-28 14:33:30,44.3683,-100.351,70.05,63,0,11.99
505,Gobabis,NA,2022-05-28 14:33:30,-22.45,18.9667,77.25,13,0,8.41
506,Brownsville,US,2022-05-28 14:29:55,25.9018,-97.4975,83.97,85,40,9.22
507,Slobodskoy,RU,2022-05-28 14:33:31,58.7322,50.1772,53.11,88,78,6.51
508,Toucheng,TW,2022-05-28 14:33:31,24.8592,121.8233,80.55,95,100,0.72
509,Sackville,CA,2022-05-28 14:33:32,45.9188,-64.3846,73.87,85,100,17.45
510,Huittinen,FI,2022-05-28 14:33:32,61.1833,22.7,53.69,80,100,2.75
511,Dalbandin,PK,2022-05-28 14:33:32,28.8947,64.4101,90.1,10,0,17.47
512,Djebeniana,TN,2022-05-28 14:33:33,35.035,10.9081,80.4,44,85,13.2
513,Liepāja,LV,2022-05-28 14:33:33,56.5419,21.0367,53.58,76,75,13.8
514,Zyryanka,RU,2022-05-28 14:33:33,65.75,150.85,44.4,71,76,6.58
515,Buluang,PH,2022-05-28 14:33:34,13.3068,123.3425,78.26,88,22,4.34
516,Pekan,MY,2022-05-28 14:30:15,3.4836,103.3996,84.31,86,100,2.24
517,Kieta,PG,2022-05-28 14:33:35,-6.2167,155.6333,80.04,85,99,3.51
518,Port Macquarie,AU,2022-05-28 14:33:35,-31.4333,152.9167,53.89,90,17,7.18
519,Forestville,US,2022-05-28 14:33:35,38.8451,-76.875,73.85,69,0,14.97
520,Khilok,RU,2022-05-28 14:33:36,51.3674,110.4676,39.49,53,41,9.15
521,Margate,GB,2022-05-28 14:33:36,51.3813,1.3862,59.7,59,41,4.0
522,Kano,NG,2022-05-28 14:33:36,12.0001,8.5167,100.29,27,40,4.61
523,Saint-Leu,RE,2022-05-28 14:33:37,-21.15,55.2833,74.26,73,35,15.95
524,Barra de Tecoanapa,MX,2022-05-28 14:33:37,16.5167,-98.75,82.89,69,100,2.26
525,Arrondissement de Toul,FR,2022-05-28 14:33:38,48.6667,5.9167,65.95,39,0,10.36
526,Port-Cartier,CA,2022-05-28 14:33:38,50.0334,-66.8654,43.02,97,100,17.09
527,Billings Metropolitan Area,US,2022-05-28 14:33:30,45.7833,-108.5007,62.29,68,75,5.75
528,La Ronge,CA,2022-05-28 14:33:38,55.1001,-105.2842,50.25,71,75,12.66
529,Eureka,US,2022-05-28 14:30:16,40.8021,-124.1637,56.19,83,100,7.02
530,Sisimiut,GL,2022-05-28 14:33:39,66.9395,-53.6735,36.34,68,64,7.74
531,Sorong,ID,2022-05-28 14:33:40,-0.8833,131.25,80.37,76,69,2.3
532,‘Āhuimanu,US,2022-05-28 14:32:55,21.4447,-157.8378,74.91,86,100,6.91
533,Oranjemund,NA,2022-05-28 14:33:40,-28.55,16.4333,59.88,82,42,5.26
534,Labuhan,ID,2022-05-28 14:33:40,-6.8844,112.2051,81.14,76,16,3.56
535,Sibolga,ID,2022-05-28 14:33:41,1.7427,98.7792,76.57,86,72,4.09
536,Honiara,SB,2022-05-28 14:33:41,-9.4333,159.95,77.22,85,64,2.59
537,Springbok,ZA,2022-05-28 14:33:42,-29.6643,17.8865,55.92,62,0,11.16
538,Payo,ID,2022-05-28 14:33:42,-3.7508,103.6372,76.01,89,99,2.17
539,Chumikan,RU,2022-05-28 14:33:42,54.7183,135.315,34.0,97,100,19.33
540,Belyy Yar,RU,2022-05-28 14:33:43,53.6039,91.3903,64.29,34,0,4.47
541,Nangal,IN,2022-05-28 14:33:43,31.3667,76.3833,86.95,40,99,19.73
542,Marataizes,BR,2022-05-28 14:33:44,-21.0433,-40.8244,75.94,68,100,6.11
543,Tura,IN,2022-05-28 14:33:44,25.5198,90.2201,75.2,78,0,4.47
544,Sulangan,PH,2022-05-28 14:33:44,11.1373,123.7228,84.02,72,68,5.37
545,Nagorsk,RU,2022-05-28 14:33:45,59.3172,50.8078,51.44,92,100,6.4
546,Jiaozuo,CN,2022-05-28 14:33:45,35.2397,113.2331,76.26,52,18,4.81
547,Camargo,MX,2022-05-28 14:33:45,27.6667,-105.1667,85.23,22,93,11.54
548,Kiunga,PG,2022-05-28 14:33:46,-6.1219,141.2906,73.6,99,95,1.88
549,Tahoua,NE,2022-05-28 14:33:46,14.8888,5.2692,105.78,22,20,4.61
550,Korem,ET,2022-05-28 14:33:47,12.5058,39.5228,71.26,26,83,14.7
551,Parrita,CR,2022-05-28 14:33:48,9.5201,-84.3225,81.39,77,87,1.7
552,Marystown,CA,2022-05-28 14:33:48,47.1666,-55.1483,43.86,100,100,10.0
553,Uvat,RU,2022-05-28 14:33:48,59.1433,68.8953,56.8,82,99,3.62
554,Weihai,CN,2022-05-28 14:33:49,37.5017,122.1136,65.59,82,61,24.38
555,Morada Nova,BR,2022-05-28 14:33:49,-5.1067,-38.3725,81.7,67,95,9.4
556,San Angelo,US,2022-05-28 14:31:10,31.4638,-100.437,84.54,58,0,19.57
557,Chimbote,PE,2022-05-28 14:33:50,-9.0853,-78.5783,66.96,74,76,7.52
558,Gunjur,GM,2022-05-28 14:33:50,13.2019,-16.7339,89.67,58,40,3.44
559,Vanimo,PG,2022-05-28 14:29:59,-2.6741,141.3028,78.94,81,66,1.57
560,Chimoio,MZ,2022-05-28 14:33:50,-19.1164,33.4833,69.66,83,75,6.91
561,Tanout,NE,2022-05-28 14:33:51,14.9709,8.8879,103.86,8,0,2.98
562,Kifrī,IQ,2022-05-28 14:33:51,34.6959,44.9661,97.43,8,0,6.73
563,Brae,GB,2022-05-28 14:30:23,60.3964,-1.353,45.95,77,99,21.39
564,Karratha,AU,2022-05-28 14:33:52,-20.7377,116.8463,73.72,76,100,8.88
565,Esim,GH,2022-05-28 14:33:52,4.8699,-2.2405,83.39,70,76,8.01
566,Pāsighāt,IN,2022-05-28 14:33:52,28.0667,95.3333,74.57,93,6,3.67
567,Santa Marta,CO,2022-05-28 14:33:53,11.2408,-74.199,86.05,70,20,4.61
568,Adrar,MR,2022-05-28 14:33:53,20.5022,-10.0711,99.01,22,93,9.22
569,Takoradze,GH,2022-05-28 14:33:53,4.8845,-1.7554,83.71,70,60,8.1
570,Cap Malheureux,MU,2022-05-28 14:33:54,-19.9842,57.6142,75.47,69,1,3.0
571,Krasnovishersk,RU,2022-05-28 14:32:16,60.4078,57.082,58.73,80,34,4.23
572,Nikki,BJ,2022-05-28 14:33:54,9.9401,3.2108,100.27,24,27,2.59
573,Mogadishu,SO,2022-05-28 14:33:55,2.0371,45.3438,85.87,70,40,13.8
574,Muli,MV,2022-05-28 14:33:55,2.9167,73.5667,84.22,71,30,13.31
575,Anadyr,RU,2022-05-28 14:33:55,64.75,177.4833,41.5,80,0,8.95
